check_name,status,details
01_rooms_schema_contract,INFO,"[{""udt"": ""uuid"", ""name"": ""id"", ""type"": ""uuid"", ""default"": ""uuid_generate_v4()"", ""nullable"": ""NO""}, {""udt"": ""uuid"", ""name"": ""hotel_id"", ""type"": ""uuid"", ""default"": null, ""nullable"": ""NO""}, {""udt"": ""text"", ""name"": ""room_number"", ""type"": ""text"", ""default"": null, ""nullable"": ""NO""}, {""udt"": ""text"", ""name"": ""room_type"", ""type"": ""text"", ""default"": null, ""nullable"": ""YES""}, {""udt"": ""text"", ""name"": ""qr_code_url"", ""type"": ""text"", ""default"": null, ""nullable"": ""YES""}, {""udt"": ""text"", ""name"": ""status"", ""type"": ""text"", ""default"": ""'available'::text"", ""nullable"": ""YES""}, {""udt"": ""timestamptz"", ""name"": ""created_at"", ""type"": ""timestamp with time zone"", ""default"": ""now()"", ""nullable"": ""YES""}, {""udt"": ""uuid"", ""name"": ""room_type_id"", ""type"": ""uuid"", ""default"": null, ""nullable"": ""NO""}, {""udt"": ""uuid"", ""name"": ""floor_id"", ""type"": ""uuid"", ""default"": null, ""nullable"": ""YES""}]"
02_room_types_schema_contract,INFO,"[{""udt"": ""uuid"", ""name"": ""id"", ""type"": ""uuid"", ""default"": ""gen_random_uuid()"", ""nullable"": ""NO""}, {""udt"": ""uuid"", ""name"": ""hotel_id"", ""type"": ""uuid"", ""default"": null, ""nullable"": ""NO""}, {""udt"": ""text"", ""name"": ""name"", ""type"": ""text"", ""default"": null, ""nullable"": ""NO""}, {""udt"": ""text"", ""name"": ""code"", ""type"": ""text"", ""default"": null, ""nullable"": ""NO""}, {""udt"": ""text"", ""name"": ""description"", ""type"": ""text"", ""default"": null, ""nullable"": ""YES""}, {""udt"": ""int4"", ""name"": ""base_occupancy"", ""type"": ""integer"", ""default"": ""1"", ""nullable"": ""NO""}, {""udt"": ""int4"", ""name"": ""max_adults"", ""type"": ""integer"", ""default"": ""2"", ""nullable"": ""NO""}, {""udt"": ""int4"", ""name"": ""max_children"", ""type"": ""integer"", ""default"": ""1"", ""nullable"": ""NO""}, {""udt"": ""int4"", ""name"": ""max_occupancy"", ""type"": ""integer"", ""default"": ""3"", ""nullable"": ""NO""}, {""udt"": ""numeric"", ""name"": ""base_rate"", ""type"": ""numeric"", ""default"": ""0"", ""nullable"": ""NO""}, {""udt"": ""numeric"", ""name"": ""extra_adult_rate"", ""type"": ""numeric"", ""default"": ""0"", ""nullable"": ""NO""}, {""udt"": ""numeric"", ""name"": ""extra_child_rate"", ""type"": ""numeric"", ""default"": ""0"", ""nullable"": ""NO""}, {""udt"": ""bool"", ""name"": ""is_active"", ""type"": ""boolean"", ""default"": ""true"", ""nullable"": ""NO""}, {""udt"": ""int4"", ""name"": ""sort_order"", ""type"": ""integer"", ""default"": ""0"", ""nullable"": ""NO""}, {""udt"": ""timestamptz"", ""name"": ""created_at"", ""type"": ""timestamp with time zone"", ""default"": ""now()"", ""nullable"": ""NO""}, {""udt"": ""timestamptz"", ""name"": ""updated_at"", ""type"": ""timestamp with time zone"", ""default"": ""now()"", ""nullable"": ""NO""}]"
03_rate_plans_schema_contract,INFO,"[{""udt"": ""uuid"", ""name"": ""id"", ""type"": ""uuid"", ""default"": ""gen_random_uuid()"", ""nullable"": ""NO""}, {""udt"": ""uuid"", ""name"": ""hotel_id"", ""type"": ""uuid"", ""default"": null, ""nullable"": ""NO""}, {""udt"": ""uuid"", ""name"": ""room_type_id"", ""type"": ""uuid"", ""default"": null, ""nullable"": ""NO""}, {""udt"": ""text"", ""name"": ""name"", ""type"": ""text"", ""default"": null, ""nullable"": ""NO""}, {""udt"": ""text"", ""name"": ""code"", ""type"": ""text"", ""default"": null, ""nullable"": ""NO""}, {""udt"": ""text"", ""name"": ""description"", ""type"": ""text"", ""default"": null, ""nullable"": ""YES""}, {""udt"": ""text"", ""name"": ""meal_plan"", ""type"": ""text"", ""default"": ""'room_only'::text"", ""nullable"": ""NO""}, {""udt"": ""text"", ""name"": ""currency_code"", ""type"": ""text"", ""default"": ""'INR'::text"", ""nullable"": ""NO""}, {""udt"": ""numeric"", ""name"": ""base_rate"", ""type"": ""numeric"", ""default"": ""0"", ""nullable"": ""NO""}, {""udt"": ""numeric"", ""name"": ""extra_adult_rate"", ""type"": ""numeric"", ""default"": ""0"", ""nullable"": ""NO""}, {""udt"": ""numeric"", ""name"": ""extra_child_rate"", ""type"": ""numeric"", ""default"": ""0"", ""nullable"": ""NO""}, {""udt"": ""int4"", ""name"": ""minimum_stay"", ""type"": ""integer"", ""default"": ""1"", ""nullable"": ""NO""}, {""udt"": ""int4"", ""name"": ""maximum_stay"", ""type"": ""integer"", ""default"": null, ""nullable"": ""YES""}, {""udt"": ""text"", ""name"": ""cancellation_policy"", ""type"": ""text"", ""default"": null, ""nullable"": ""YES""}, {""udt"": ""bool"", ""name"": ""is_refundable"", ""type"": ""boolean"", ""default"": ""true"", ""nullable"": ""NO""}, {""udt"": ""bool"", ""name"": ""is_active"", ""type"": ""boolean"", ""default"": ""true"", ""nullable"": ""NO""}, {""udt"": ""int4"", ""name"": ""priority"", ""type"": ""integer"", ""default"": ""100"", ""nullable"": ""NO""}, {""udt"": ""timestamptz"", ""name"": ""created_at"", ""type"": ""timestamp with time zone"", ""default"": ""now()"", ""nullable"": ""NO""}, {""udt"": ""timestamptz"", ""name"": ""updated_at"", ""type"": ""timestamp with time zone"", ""default"": ""now()"", ""nullable"": ""NO""}]"
04_menu_items_schema_contract,INFO,"[{""udt"": ""uuid"", ""name"": ""id"", ""type"": ""uuid"", ""default"": ""gen_random_uuid()"", ""nullable"": ""NO""}, {""udt"": ""uuid"", ""name"": ""hotel_id"", ""type"": ""uuid"", ""default"": null, ""nullable"": ""NO""}, {""udt"": ""uuid"", ""name"": ""category_id"", ""type"": ""uuid"", ""default"": null, ""nullable"": ""YES""}, {""udt"": ""text"", ""name"": ""item_name"", ""type"": ""text"", ""default"": null, ""nullable"": ""NO""}, {""udt"": ""text"", ""name"": ""description"", ""type"": ""text"", ""default"": null, ""nullable"": ""YES""}, {""udt"": ""numeric"", ""name"": ""price"", ""type"": ""numeric"", ""default"": ""0"", ""nullable"": ""YES""}, {""udt"": ""text"", ""name"": ""image_url"", ""type"": ""text"", ""default"": null, ""nullable"": ""YES""}, {""udt"": ""bool"", ""name"": ""is_available"", ""type"": ""boolean"", ""default"": ""true"", ""nullable"": ""YES""}, {""udt"": ""timestamptz"", ""name"": ""created_at"", ""type"": ""timestamp with time zone"", ""default"": ""now()"", ""nullable"": ""YES""}, {""udt"": ""text"", ""name"": ""category"", ""type"": ""text"", ""default"": null, ""nullable"": ""YES""}]"
05_service_requests_schema_contract,INFO,"[{""udt"": ""uuid"", ""name"": ""id"", ""type"": ""uuid"", ""default"": ""uuid_generate_v4()"", ""nullable"": ""NO""}, {""udt"": ""uuid"", ""name"": ""hotel_id"", ""type"": ""uuid"", ""default"": null, ""nullable"": ""NO""}, {""udt"": ""uuid"", ""name"": ""room_id"", ""type"": ""uuid"", ""default"": null, ""nullable"": ""YES""}, {""udt"": ""uuid"", ""name"": ""guest_id"", ""type"": ""uuid"", ""default"": null, ""nullable"": ""YES""}, {""udt"": ""text"", ""name"": ""request_type"", ""type"": ""text"", ""default"": null, ""nullable"": ""NO""}, {""udt"": ""text"", ""name"": ""request_details"", ""type"": ""text"", ""default"": null, ""nullable"": ""YES""}, {""udt"": ""text"", ""name"": ""status"", ""type"": ""text"", ""default"": ""'pending'::text"", ""nullable"": ""YES""}, {""udt"": ""timestamptz"", ""name"": ""created_at"", ""type"": ""timestamp with time zone"", ""default"": ""now()"", ""nullable"": ""YES""}, {""udt"": ""uuid"", ""name"": ""assigned_to"", ""type"": ""uuid"", ""default"": null, ""nullable"": ""YES""}, {""udt"": ""text"", ""name"": ""priority"", ""type"": ""text"", ""default"": ""'normal'::text"", ""nullable"": ""YES""}, {""udt"": ""timestamptz"", ""name"": ""accepted_at"", ""type"": ""timestamp with time zone"", ""default"": null, ""nullable"": ""YES""}, {""udt"": ""timestamptz"", ""name"": ""completed_at"", ""type"": ""timestamp with time zone"", ""default"": null, ""nullable"": ""YES""}, {""udt"": ""timestamptz"", ""name"": ""started_at"", ""type"": ""timestamp with time zone"", ""default"": null, ""nullable"": ""YES""}, {""udt"": ""uuid"", ""name"": ""assigned_staff"", ""type"": ""uuid"", ""default"": null, ""nullable"": ""YES""}, {""udt"": ""int4"", ""name"": ""estimated_minutes"", ""type"": ""integer"", ""default"": null, ""nullable"": ""YES""}, {""udt"": ""timestamptz"", ""name"": ""estimated_arrival_time"", ""type"": ""timestamp with time zone"", ""default"": null, ""nullable"": ""YES""}]"
06_room_required_insert_columns,INFO,"hotel_id, room_number, room_type_id"
07_room_type_required_insert_columns,INFO,"hotel_id, name, code"
08_rate_plan_required_insert_columns,INFO,"hotel_id, room_type_id, name, code"
09_menu_item_required_insert_columns,INFO,"hotel_id, item_name"
10_room_constraints,INFO,"[{""name"": ""rooms_hotel_floor_fkey"", ""type"": ""f"", ""validated"": true, ""definition"": ""FOREIGN KEY (hotel_id, floor_id) REFERENCES floors(hotel_id, id) ON DELETE RESTRICT""}, {""name"": ""rooms_hotel_id_fkey"", ""type"": ""f"", ""validated"": true, ""definition"": ""FOREIGN KEY (hotel_id) REFERENCES hotels(id) ON DELETE CASCADE""}, {""name"": ""rooms_hotel_room_type_fkey"", ""type"": ""f"", ""validated"": true, ""definition"": ""FOREIGN KEY (hotel_id, room_type_id) REFERENCES room_types(hotel_id, id) ON DELETE RESTRICT""}, {""name"": ""rooms_pkey"", ""type"": ""p"", ""validated"": true, ""definition"": ""PRIMARY KEY (id)""}, {""name"": ""rooms_status_check"", ""type"": ""c"", ""validated"": true, ""definition"": ""CHECK (status = ANY (ARRAY['available'::text, 'occupied'::text, 'cleaning'::text, 'maintenance'::text, 'out_of_order'::text]))""}]"
11_room_type_constraints,INFO,"[{""name"": ""room_types_code_not_blank"", ""type"": ""c"", ""validated"": true, ""definition"": ""CHECK (length(TRIM(BOTH FROM code)) > 0)""}, {""name"": ""room_types_hotel_id_fkey"", ""type"": ""f"", ""validated"": true, ""definition"": ""FOREIGN KEY (hotel_id) REFERENCES hotels(id) ON DELETE RESTRICT""}, {""name"": ""room_types_name_not_blank"", ""type"": ""c"", ""validated"": true, ""definition"": ""CHECK (length(TRIM(BOTH FROM name)) > 0)""}, {""name"": ""room_types_occupancy_check"", ""type"": ""c"", ""validated"": true, ""definition"": ""CHECK (base_occupancy >= 1 AND max_adults >= 1 AND max_children >= 0 AND max_occupancy >= base_occupancy AND max_occupancy >= max_adults)""}, {""name"": ""room_types_pkey"", ""type"": ""p"", ""validated"": true, ""definition"": ""PRIMARY KEY (id)""}, {""name"": ""room_types_rates_nonnegative"", ""type"": ""c"", ""validated"": true, ""definition"": ""CHECK (base_rate >= 0::numeric AND extra_adult_rate >= 0::numeric AND extra_child_rate >= 0::numeric)""}]"
12_rate_plan_constraints,INFO,"[{""name"": ""rate_plans_code_not_blank"", ""type"": ""c"", ""validated"": true, ""definition"": ""CHECK (length(TRIM(BOTH FROM code)) > 0)""}, {""name"": ""rate_plans_currency_check"", ""type"": ""c"", ""validated"": true, ""definition"": ""CHECK (currency_code ~ '^[A-Z]{3}$'::text)""}, {""name"": ""rate_plans_hotel_id_fkey"", ""type"": ""f"", ""validated"": true, ""definition"": ""FOREIGN KEY (hotel_id) REFERENCES hotels(id) ON DELETE RESTRICT""}, {""name"": ""rate_plans_name_not_blank"", ""type"": ""c"", ""validated"": true, ""definition"": ""CHECK (length(TRIM(BOTH FROM name)) > 0)""}, {""name"": ""rate_plans_pkey"", ""type"": ""p"", ""validated"": true, ""definition"": ""PRIMARY KEY (id)""}, {""name"": ""rate_plans_rate_nonnegative"", ""type"": ""c"", ""validated"": true, ""definition"": ""CHECK (base_rate >= 0::numeric AND extra_adult_rate >= 0::numeric AND extra_child_rate >= 0::numeric)""}, {""name"": ""rate_plans_room_type_fkey"", ""type"": ""f"", ""validated"": true, ""definition"": ""FOREIGN KEY (hotel_id, room_type_id) REFERENCES room_types(hotel_id, id) ON DELETE RESTRICT""}, {""name"": ""rate_plans_stay_check"", ""type"": ""c"", ""validated"": true, ""definition"": ""CHECK (minimum_stay >= 1 AND (maximum_stay IS NULL OR maximum_stay >= minimum_stay))""}]"
13_room_inventory_integrity,READY,Rooms=14; without room_type_id=0; without floor_id=0; blank room number=0; blank legacy room_type=0.
14_room_number_uniqueness,READY,Duplicate hotel+room-number groups=0.
15_room_type_integrity,READY,Total=3; active=3; negative rates=0; duplicate name groups=0; duplicate code groups=0.
16_rate_plan_integrity,READY,Total=3; active=3; negative rates=0; invalid currency=0; active room types without active rate=0.
17_floor_inventory,READY,Floors=2; active=2; Default Floor rows=2.
18_bulk_room_import_rpc,GAP,"Expected contract: hotel UUID plus JSON array with room number, room type and floor identifiers/codes."
19_room_configuration_rpc,GAP,"Expected atomic room type, floor, rate and room configuration RPC."
20_amenities_table,GAP,No normalized amenities table exists.
21_service_request_types_table,GAP,No normalized service request category table exists.
22_menu_categories_table,READY,"[{""udt"": ""uuid"", ""name"": ""id"", ""type"": ""uuid"", ""default"": ""gen_random_uuid()"", ""nullable"": ""NO""}, {""udt"": ""uuid"", ""name"": ""hotel_id"", ""type"": ""uuid"", ""default"": null, ""nullable"": ""NO""}, {""udt"": ""text"", ""name"": ""name"", ""type"": ""text"", ""default"": null, ""nullable"": ""NO""}, {""udt"": ""timestamptz"", ""name"": ""created_at"", ""type"": ""timestamp with time zone"", ""default"": ""now()"", ""nullable"": ""YES""}]"
23_menu_item_integrity,READY,Items=10; available=10; blank names=0; negative prices=0; distinct text categories=1.
24_existing_menu_category_values,INFO,"[""Meal""]"
25_existing_request_type_values,INFO,"[""Checkout Request"", ""Housekeeping"", ""Towel"", ""Water""]"
26_service_request_integrity,READY,Requests=32; distinct request types=4; blank request types=0.
27_status_values,INFO,"{""rooms"": [""available"", ""occupied""], ""service_requests"": [""completed""]}"
28_target_table_rls_inventory,READY,"[{""rls"": false, ""table"": ""amenities"", ""exists"": false}, {""rls"": true, ""table"": ""floors"", ""exists"": true}, {""rls"": true, ""table"": ""hotel_onboarding"", ""exists"": true}, {""rls"": true, ""table"": ""hotel_settings"", ""exists"": true}, {""rls"": true, ""table"": ""invoice_number_sequences"", ""exists"": true}, {""rls"": true, ""table"": ""menu_categories"", ""exists"": true}, {""rls"": true, ""table"": ""menu_items"", ""exists"": true}, {""rls"": true, ""table"": ""rate_plans"", ""exists"": true}, {""rls"": true, ""table"": ""room_types"", ""exists"": true}, {""rls"": true, ""table"": ""rooms"", ""exists"": true}, {""rls"": false, ""table"": ""service_request_types"", ""exists"": false}, {""rls"": true, ""table"": ""service_requests"", ""exists"": true}]"
29_target_policy_inventory,INFO,"[{""table"": ""amenities"", ""delete"": 0, ""insert"": 0, ""select"": 0, ""update"": 0, ""policies"": 0}, {""table"": ""floors"", ""delete"": 1, ""insert"": 1, ""select"": 1, ""update"": 1, ""policies"": 4}, {""table"": ""hotel_onboarding"", ""delete"": 1, ""insert"": 1, ""select"": 1, ""update"": 1, ""policies"": 4}, {""table"": ""hotel_settings"", ""delete"": 1, ""insert"": 1, ""select"": 1, ""update"": 1, ""policies"": 4}, {""table"": ""invoice_number_sequences"", ""delete"": 1, ""insert"": 1, ""select"": 1, ""update"": 1, ""policies"": 4}, {""table"": ""menu_categories"", ""delete"": 1, ""insert"": 1, ""select"": 2, ""update"": 1, ""policies"": 2}, {""table"": ""menu_items"", ""delete"": 1, ""insert"": 1, ""select"": 2, ""update"": 1, ""policies"": 2}, {""table"": ""rate_plans"", ""delete"": 1, ""insert"": 1, ""select"": 1, ""update"": 1, ""policies"": 4}, {""table"": ""room_types"", ""delete"": 1, ""insert"": 1, ""select"": 1, ""update"": 1, ""policies"": 4}, {""table"": ""rooms"", ""delete"": 1, ""insert"": 1, ""select"": 1, ""update"": 1, ""policies"": 4}, {""table"": ""service_request_types"", ""delete"": 0, ""insert"": 0, ""select"": 0, ""update"": 0, ""policies"": 0}, {""table"": ""service_requests"", ""delete"": 1, ""insert"": 1, ""select"": 2, ""update"": 1, ""policies"": 2}]"
30_configuration_package_summary,INFO,"Use this exact contract to build Migration 019: inventory configuration, bulk import, normalized amenities/request categories/menu categories, defaults and readiness integration."